Bitcoin Magazine,bitcoinmagazine,NEW: US Treasury sued over â€œunconstitutionalâ€ #Bitcoin tax reporting requirements âœŠ,https://twitter.com/BitcoinMagazine/status/1535587902310301698,2022-06-11 11:41:00 UTC
Bitcoin Magazine,bitcoinmagazine,"Texas governor candidate Don Huffines: ""#Bitcoin is the future"" ğŸ‘  https://t.co/EgEQf4JWiD",https://twitter.com/BitcoinMagazine/status/1535385188557103105,2022-06-10 22:15:29 UTC
Bitcoin Magazine,bitcoinmagazine,Check out @BitcoinMagazine's FREE Daily Newsletter so you can stay up to date on everything #Bitcoin! ğŸ‘   Today covered: ğŸ§‘â€ğŸ“ Jack Dorsey &amp; Jay-Z's new Bitcoin Academy ğŸ›ï¸ The Lummis-Gillibrand Bitcoin Bill ğŸ“ˆ Crowdfunding on a Bitcoin standard  ğŸ“°ğŸ‘‡  https://t.co/XpRwZUa1it  https://t.co/G8bBALDlLp,https://twitter.com/BitcoinMagazine/status/1535369475918180352,2022-06-10 21:13:03 UTC
Bitcoin Magazine,bitcoinmagazine,JUST IN - Grayscale and Bitwise are confident a spot #Bitcoin ETF will be approved soon.,https://twitter.com/BitcoinMagazine/status/1535348174168236032,2022-06-10 19:48:24 UTC
Bitcoin Magazine,bitcoinmagazine,"""And then we told them the inflation wouldn't be bad""  https://t.co/04y84lc64M",https://twitter.com/BitcoinMagazine/status/1535331088154902529,2022-06-10 18:40:31 UTC
Bitcoin Magazine,bitcoinmagazine,"#Bitcoin Magazine PRO's May 2022 Research Report is here! ğŸ’¥  In-depth analysis, custom charts and actionable insights--everything you need to navigate the market like a PRO! âš¡ï¸  Subscribe FREE and download our latest market research report! ğŸ“©ğŸ‘‡  https://t.co/a3nGnogD44  https://t.co/cZAkCp2oRX",https://twitter.com/BitcoinMagazine/status/1535328728124825602,2022-06-10 18:31:08 UTC
Bitcoin Magazine,bitcoinmagazine,"Enroll in our 21 Days of #Bitcoin email course to stack some sats while you learn the basics! ğŸ™Œ  ğŸ“… 21 days of educational emails ğŸ† Win at least 2,100 sats ğŸ§  Bitcoin 101 to get you up to speed  Enroll FREE â¡ï¸  https://t.co/rQ2j5myHF4  https://t.co/FHITThM9X5",https://twitter.com/BitcoinMagazine/status/1535310337838174208,2022-06-10 17:18:03 UTC
Bitcoin Magazine,bitcoinmagazine,"TBDâ€™s Web5 takes a different approach than Web3 on how to build a properly decentralized internet, with #Bitcoin being the single blockchain used in the project.  @namcios reports:   https://t.co/cqEJvQqoED",https://twitter.com/BitcoinMagazine/status/1535307469701926914,2022-06-10 17:06:40 UTC
Bitcoin Magazine,bitcoinmagazine,BREAKING: Jack Dorsey's TBD is building a decentralized web on #Bitcoin called Web5  https://t.co/TRpDFqup1n,https://twitter.com/BitcoinMagazine/status/1535300830127083521,2022-06-10 16:40:17 UTC
Bitcoin Magazine,bitcoinmagazine,@YusufBWB ğŸ§¡,https://twitter.com/BitcoinMagazine/status/1535281590502318081,2022-06-10 15:23:49 UTC
Bitcoin Magazine,bitcoinmagazine,Global inflation rates:  ğŸ‡ºğŸ‡¸ - 8.6% ğŸ‡¬ğŸ‡§ - 9% ğŸ‡§ğŸ‡· - 11.7% ğŸ‡·ğŸ‡º - 17.1% ğŸ‡¦ğŸ‡· - 58% ğŸ‡¹ğŸ‡· - 73.5% ğŸ‡»ğŸ‡ª - 222%   #Bitcoin is the escape hatch.,https://twitter.com/BitcoinMagazine/status/1535279305554550785,2022-06-10 15:14:45 UTC
Bitcoin Magazine,bitcoinmagazine,"Inflation data shows a 106% increase in fuel oil year-over-year with an unexpected 40-year high Consumer Price Index report of 8.6% as bitcoin dips to $29,500.  @Fall_Of_Fiat covers the news:   https://t.co/i273GBYTwr",https://twitter.com/BitcoinMagazine/status/1535276491570827264,2022-06-10 15:03:34 UTC
Bitcoin Magazine,bitcoinmagazine,"In terms of physical reach, where has #Bitcoin been? Where could it go? ğŸ”­  ""It is our engineering of cosmic receivers and transmitters, the expansion of our nodes, that will make bitcoin the first native currency of space."" - @mcshane_writes    https://t.co/cypwcQqdDr",https://twitter.com/BitcoinMagazine/status/1535274623784235008,2022-06-10 14:56:08 UTC
Bitcoin Magazine,bitcoinmagazine,Planning your #Bitcoin strategy? âš¡ï¸  Navigate the market like a PRO with Bitcoin Magazine PRO's new May 2022 Research Report! ğŸ“ˆ  Subscribe and download FREE! ğŸ“©ğŸ‘‡  https://t.co/a3nGnogD44  https://t.co/DkWyt57zPN,https://twitter.com/BitcoinMagazine/status/1535263535231422471,2022-06-10 14:12:05 UTC
Bitcoin Magazine,bitcoinmagazine,OFFICIAL: #Bitcoin hash rate hits NEW ALL-TIME HIGH ğŸš€,https://twitter.com/BitcoinMagazine/status/1535260400782131202,2022-06-10 13:59:37 UTC
Bitcoin Magazine,bitcoinmagazine,Farfetch will begin accepting bitcoin as payment in select locations as a trial with plans to extend to the whole customer base.  @Fall_Of_Fiat reports:   https://t.co/LOL0AEmdXZ,https://twitter.com/BitcoinMagazine/status/1535258306620669952,2022-06-10 13:51:18 UTC
Bitcoin Magazine,bitcoinmagazine,Trillions of dollars. 21 million #Bitcoin  Choose wisely.,https://twitter.com/BitcoinMagazine/status/1535245231167258626,2022-06-10 12:59:21 UTC
Bitcoin Magazine,bitcoinmagazine,"When the Fed says inflation is high, you know it's even higher.  ğŸ‡ºğŸ‡¸ needs #Bitcoin",https://twitter.com/BitcoinMagazine/status/1535242649212428289,2022-06-10 12:49:05 UTC
Bitcoin Magazine,bitcoinmagazine,BREAKING: US INFLATION SURGES TO NEW 40-YEAR HIGH OF 8.6%,https://twitter.com/BitcoinMagazine/status/1535238099848118273,2022-06-10 12:31:01 UTC
Bitcoin Magazine,bitcoinmagazine,BREAKING: Luxury retailer Farfetch to accept #Bitcoin payments â€“ MarketWatch ğŸ™Œ,https://twitter.com/BitcoinMagazine/status/1535223505129816065,2022-06-10 11:33:01 UTC
Bitcoin Magazine,bitcoinmagazine,NEW: US Treasury sued over â€œunconstitutionalâ€ #Bitcoin tax reporting requirements âœŠ,https://twitter.com/BitcoinMagazine/status/1535587902310301698,2022-06-11 11:41:00 UTC
Bitcoin Magazine,bitcoinmagazine,"Texas governor candidate Don Huffines: ""#Bitcoin is the future"" ğŸ‘  https://t.co/EgEQf4JWiD",https://twitter.com/BitcoinMagazine/status/1535385188557103105,2022-06-10 22:15:29 UTC
Bitcoin Magazine,bitcoinmagazine,Check out @BitcoinMagazine's FREE Daily Newsletter so you can stay up to date on everything #Bitcoin! ğŸ‘   Today covered: ğŸ§‘â€ğŸ“ Jack Dorsey &amp; Jay-Z's new Bitcoin Academy ğŸ›ï¸ The Lummis-Gillibrand Bitcoin Bill ğŸ“ˆ Crowdfunding on a Bitcoin standard  ğŸ“°ğŸ‘‡  https://t.co/XpRwZUa1it  https://t.co/G8bBALDlLp,https://twitter.com/BitcoinMagazine/status/1535369475918180352,2022-06-10 21:13:03 UTC
Bitcoin Magazine,bitcoinmagazine,JUST IN - Grayscale and Bitwise are confident a spot #Bitcoin ETF will be approved soon.,https://twitter.com/BitcoinMagazine/status/1535348174168236032,2022-06-10 19:48:24 UTC
Bitcoin Magazine,bitcoinmagazine,"""And then we told them the inflation wouldn't be bad""  https://t.co/04y84lc64M",https://twitter.com/BitcoinMagazine/status/1535331088154902529,2022-06-10 18:40:31 UTC
Bitcoin Magazine,bitcoinmagazine,"#Bitcoin Magazine PRO's May 2022 Research Report is here! ğŸ’¥  In-depth analysis, custom charts and actionable insights--everything you need to navigate the market like a PRO! âš¡ï¸  Subscribe FREE and download our latest market research report! ğŸ“©ğŸ‘‡  https://t.co/a3nGnogD44  https://t.co/cZAkCp2oRX",https://twitter.com/BitcoinMagazine/status/1535328728124825602,2022-06-10 18:31:08 UTC
Bitcoin Magazine,bitcoinmagazine,"Enroll in our 21 Days of #Bitcoin email course to stack some sats while you learn the basics! ğŸ™Œ  ğŸ“… 21 days of educational emails ğŸ† Win at least 2,100 sats ğŸ§  Bitcoin 101 to get you up to speed  Enroll FREE â¡ï¸  https://t.co/rQ2j5myHF4  https://t.co/FHITThM9X5",https://twitter.com/BitcoinMagazine/status/1535310337838174208,2022-06-10 17:18:03 UTC
Bitcoin Magazine,bitcoinmagazine,"TBDâ€™s Web5 takes a different approach than Web3 on how to build a properly decentralized internet, with #Bitcoin being the single blockchain used in the project.  @namcios reports:   https://t.co/cqEJvQqoED",https://twitter.com/BitcoinMagazine/status/1535307469701926914,2022-06-10 17:06:40 UTC
Bitcoin Magazine,bitcoinmagazine,BREAKING: Jack Dorsey's TBD is building a decentralized web on #Bitcoin called Web5  https://t.co/TRpDFqup1n,https://twitter.com/BitcoinMagazine/status/1535300830127083521,2022-06-10 16:40:17 UTC
Bitcoin Magazine,bitcoinmagazine,@YusufBWB ğŸ§¡,https://twitter.com/BitcoinMagazine/status/1535281590502318081,2022-06-10 15:23:49 UTC
Bitcoin Magazine,bitcoinmagazine,Global inflation rates:  ğŸ‡ºğŸ‡¸ - 8.6% ğŸ‡¬ğŸ‡§ - 9% ğŸ‡§ğŸ‡· - 11.7% ğŸ‡·ğŸ‡º - 17.1% ğŸ‡¦ğŸ‡· - 58% ğŸ‡¹ğŸ‡· - 73.5% ğŸ‡»ğŸ‡ª - 222%   #Bitcoin is the escape hatch.,https://twitter.com/BitcoinMagazine/status/1535279305554550785,2022-06-10 15:14:45 UTC
Bitcoin Magazine,bitcoinmagazine,"Inflation data shows a 106% increase in fuel oil year-over-year with an unexpected 40-year high Consumer Price Index report of 8.6% as bitcoin dips to $29,500.  @Fall_Of_Fiat covers the news:   https://t.co/i273GBYTwr",https://twitter.com/BitcoinMagazine/status/1535276491570827264,2022-06-10 15:03:34 UTC
Bitcoin Magazine,bitcoinmagazine,"In terms of physical reach, where has #Bitcoin been? Where could it go? ğŸ”­  ""It is our engineering of cosmic receivers and transmitters, the expansion of our nodes, that will make bitcoin the first native currency of space."" - @mcshane_writes    https://t.co/cypwcQqdDr",https://twitter.com/BitcoinMagazine/status/1535274623784235008,2022-06-10 14:56:08 UTC
Bitcoin Magazine,bitcoinmagazine,Planning your #Bitcoin strategy? âš¡ï¸  Navigate the market like a PRO with Bitcoin Magazine PRO's new May 2022 Research Report! ğŸ“ˆ  Subscribe and download FREE! ğŸ“©ğŸ‘‡  https://t.co/a3nGnogD44  https://t.co/DkWyt57zPN,https://twitter.com/BitcoinMagazine/status/1535263535231422471,2022-06-10 14:12:05 UTC
Bitcoin Magazine,bitcoinmagazine,OFFICIAL: #Bitcoin hash rate hits NEW ALL-TIME HIGH ğŸš€,https://twitter.com/BitcoinMagazine/status/1535260400782131202,2022-06-10 13:59:37 UTC
Bitcoin Magazine,bitcoinmagazine,Farfetch will begin accepting bitcoin as payment in select locations as a trial with plans to extend to the whole customer base.  @Fall_Of_Fiat reports:   https://t.co/LOL0AEmdXZ,https://twitter.com/BitcoinMagazine/status/1535258306620669952,2022-06-10 13:51:18 UTC
Bitcoin Magazine,bitcoinmagazine,Trillions of dollars. 21 million #Bitcoin  Choose wisely.,https://twitter.com/BitcoinMagazine/status/1535245231167258626,2022-06-10 12:59:21 UTC
Bitcoin Magazine,bitcoinmagazine,"When the Fed says inflation is high, you know it's even higher.  ğŸ‡ºğŸ‡¸ needs #Bitcoin",https://twitter.com/BitcoinMagazine/status/1535242649212428289,2022-06-10 12:49:05 UTC
Bitcoin Magazine,bitcoinmagazine,BREAKING: US INFLATION SURGES TO NEW 40-YEAR HIGH OF 8.6%,https://twitter.com/BitcoinMagazine/status/1535238099848118273,2022-06-10 12:31:01 UTC
Bitcoin Magazine,bitcoinmagazine,BREAKING: Luxury retailer Farfetch to accept #Bitcoin payments â€“ MarketWatch ğŸ™Œ,https://twitter.com/BitcoinMagazine/status/1535223505129816065,2022-06-10 11:33:01 UTC
Bitcoin Magazine,bitcoinmagazine,"JUST IN â€“ Kraken exchange CEO: Our balance sheet is ""mostly #Bitcoin""",https://twitter.com/BitcoinMagazine/status/1537079718389989376,2022-06-15 14:28:57 UTC
Bitcoin Magazine,bitcoinmagazine,"@APompliano @DylanLeClair_ Stay on top of the latest market trends with expert insights from Bitcoin Magazine PRO.   Subscribe to our free newsletter and join nearly 12,000 Bitcoiners taking their #Bitcoin accumulation game to the next level!   https://t.co/aZZZgOyahZ",https://twitter.com/BitcoinMagazine/status/1537072062778310656,2022-06-15 13:58:31 UTC
Bitcoin Magazine,bitcoinmagazine,"JUST IN: #Bitcoin is ""technically oversold."" â€“ $4.5 trillion Fidelity's director of global macro",https://twitter.com/BitcoinMagazine/status/1537065272460382208,2022-06-15 13:31:32 UTC
Bitcoin Magazine,bitcoinmagazine,"JUST IN: Tesla is currently down over $600 million in its #Bitcoin investment.  When buy the dip, Elon?",https://twitter.com/BitcoinMagazine/status/1537052216443420672,2022-06-15 12:39:40 UTC
Bitcoin Magazine,bitcoinmagazine,Bear market is when fortunes are made. #Bitcoin  https://t.co/uCCk9ApHOX,https://twitter.com/BitcoinMagazine/status/1537039637973291009,2022-06-15 11:49:41 UTC
Bitcoin Magazine,bitcoinmagazine,"Kraken exchange: It's time to take your paycheck in #Bitcoin. ""The fundamentals have only improved."" ğŸ”¥  https://t.co/bamPZ4jweE",https://twitter.com/BitcoinMagazine/status/1537026419477426182,2022-06-15 10:57:09 UTC
Bitcoin Magazine,bitcoinmagazine,56.1 million millionaires  Only 21 million #bitcoin  Do the math âœ¨,https://twitter.com/BitcoinMagazine/status/1536889618964041728,2022-06-15 01:53:33 UTC
Bitcoin Magazine,bitcoinmagazine,"JUST IN - Central African Republic President: Adopting #Bitcoin is choosing ""the right path during hard times."" ğŸ‡¨ğŸ‡«",https://twitter.com/BitcoinMagazine/status/1536843356587835393,2022-06-14 22:49:44 UTC
Bitcoin Magazine,bitcoinmagazine,"Celsius and stETH: A Lesson on (il)Liquidity  ""A large industry player looks to be cornered and at the whims of the market. Given the cutthroat nature of financial markets, there is quite a large chance that we havenâ€™t seen the end.""   https://t.co/mUyLBGVmvz",https://twitter.com/BitcoinMagazine/status/1536833290375602177,2022-06-14 22:09:44 UTC
Bitcoin Magazine,bitcoinmagazine,"JUST IN - Central African Republic President: ""Understanding #Bitcoin is crucial to acknowledge its disruptive power to bring long term prosperity."" ğŸ‡¨ğŸ‡«  https://t.co/eLDBVE50Wu",https://twitter.com/BitcoinMagazine/status/1536824266829836294,2022-06-14 21:33:52 UTC
Bitcoin Magazine,bitcoinmagazine,"JUST IN - El Salvador Finance Minister: ""When they tell me that the fiscal risk for El Salvador because of #Bitcoin is really high, the only thing I can do is smile."" ğŸ‡¸ğŸ‡»",https://twitter.com/BitcoinMagazine/status/1536804322759032834,2022-06-14 20:14:37 UTC
Bitcoin Magazine,bitcoinmagazine,@nayibbukele ğŸ‡¸ğŸ‡»  https://t.co/Qkx09MMRKZ,https://twitter.com/BitcoinMagazine/status/1536800908692135938,2022-06-14 20:01:03 UTC
Bitcoin Magazine,bitcoinmagazine,"#BTMFD ğŸ‘Š  #Bitcoin gear by Bitcoiners, for Bitcoiners.  5 new shirt designs now available in the official @BitcoinMagazine store!  ğŸ›’ğŸ‘‰  https://t.co/7CeTtrovrG  https://t.co/KdFKMRe2kz",https://twitter.com/BitcoinMagazine/status/1536785324088578050,2022-06-14 18:59:08 UTC
Bitcoin Magazine,bitcoinmagazine,JUST IN - El Salvador finance minister says $40 million decrease in #bitcoin investment doesn't even represent 0.5% of their national budget ğŸ‡¸ğŸ‡»,https://twitter.com/BitcoinMagazine/status/1536781419573399554,2022-06-14 18:43:37 UTC
Bitcoin Magazine,bitcoinmagazine,Stay up to date on everything #Bitcoin with @BitcoinMagazine's FREE daily newsletter! ğŸ‘  Today featured: ğŸ›‘ Celsius Network pauses withdrawals ğŸ” Enhancing Bitcoin's privacy ğŸ•¸ï¸ TBD is building Web5  Want tomorrow's issue? ğŸ“©ğŸ‘‰  https://t.co/WFOvfqvsDE  https://t.co/NFa8j1iTfN,https://twitter.com/BitcoinMagazine/status/1536765942608236545,2022-06-14 17:42:07 UTC
Bitcoin Magazine,bitcoinmagazine,"JUST IN - Pro-#Bitcoin Mexican Billionaire Salinas: Central Banks know exactly what they are doing, stealing everybody's purchasing power.",https://twitter.com/BitcoinMagazine/status/1536758387282698240,2022-06-14 17:12:05 UTC
Bitcoin Magazine,bitcoinmagazine,"Join the nearly 12,000 Bitcoiners getting deep insights from our team of market experts to help you take the anxiety out of investing.  Claim your 30 Day FREE Trial of Bitcoin Magazine PRO today! ğŸ“ˆğŸ‘‡  https://t.co/cdhsvAKKzU  https://t.co/8iJdjAp1QR",https://twitter.com/BitcoinMagazine/status/1536734690467401730,2022-06-14 15:37:56 UTC
Bitcoin Magazine,bitcoinmagazine,Michael Saylor took to Twitter to assure investors that MicroStrategyâ€™s balance sheet is well-positioned to avoid liquidation in its #bitcoin-backed loan.  @Fall_Of_Fiat  covers the news:   https://t.co/ItOYXUZFvN,https://twitter.com/BitcoinMagazine/status/1536733046338117633,2022-06-14 15:31:24 UTC
Bitcoin Magazine,bitcoinmagazine,BREAKING - Jack Dorseyâ€™s TBD business unit to build #Bitcoin Lightning Network infrastructure ğŸ‘  https://t.co/tha7mioKJK,https://twitter.com/BitcoinMagazine/status/1536732038341984258,2022-06-14 15:27:23 UTC
Bitcoin Magazine,bitcoinmagazine,"NEW - Michael Saylor says MicroStrategy isn't expecting to receive a margin call, and the company has plenty more collateral to post.",https://twitter.com/BitcoinMagazine/status/1536725876540334082,2022-06-14 15:02:54 UTC
Bitcoin Magazine,bitcoinmagazine,"JUST IN â€“ Elon Musk says it ""makes sense"" to integrate #Bitcoin and crypto payments into Twitter",https://twitter.com/BitcoinMagazine/status/1537518820683833344,2022-06-16 19:33:47 UTC
Bitcoin Magazine,bitcoinmagazine,@saylor Counterparty Risk and Collateral Contagion  Bitcoin Magazine PRO is breaking down the latest on industry insolvencies and balance sheet impairment amongst major players.  Get today's report as soon as its released when you become a free subscriber:  ğŸ“©ğŸ‘‡  https://t.co/aZZZgOyahZ  https://t.co/JRsaakV7FW,https://twitter.com/BitcoinMagazine/status/1537503008350609408,2022-06-16 18:30:57 UTC
Bitcoin Magazine,bitcoinmagazine,MicroStrategy CEO: #Bitcoin is the first and only legitimate scarcity in the universe.  https://t.co/t8qWwQsbxw,https://twitter.com/BitcoinMagazine/status/1537499232755716096,2022-06-16 18:15:57 UTC
Bitcoin Magazine,bitcoinmagazine,"The #Bitcoin network has been up and running for 3,384 consecutive days ğŸ‘",https://twitter.com/BitcoinMagazine/status/1537472485133889537,2022-06-16 16:29:39 UTC
Bitcoin Magazine,bitcoinmagazine,"Hester Peirce, a commissioner with the SEC, published comments on the failings of the SEC to properly deliver ETPs based on bitcoin and other cryptocurrencies.  @Fall_Of_Fiat covers the news:   https://t.co/Vu4qwiAWvQ",https://twitter.com/BitcoinMagazine/status/1537469928105713664,2022-06-16 16:19:30 UTC
Bitcoin Magazine,bitcoinmagazine,"@Bitcoinfinity #Bitcoin gear by Bitcoiners, for Bitcoiners. âš¡ï¸  Find your favorites at the @BitcoinMagazine store and rock sound money in style! ğŸ™Œ  ğŸ›’ğŸ‘‰  https://t.co/7CeTtrovrG  https://t.co/W2Q9WZIbYG",https://twitter.com/BitcoinMagazine/status/1537469161856589824,2022-06-16 16:16:27 UTC
Bitcoin Magazine,bitcoinmagazine,SEC Commissioner: It's time for the SEC to stop denying spot #bitcoin ETFs.  https://t.co/1bmuvynJlW,https://twitter.com/BitcoinMagazine/status/1537453360437149697,2022-06-16 15:13:40 UTC
Bitcoin Magazine,bitcoinmagazine,"New to #Bitcoin? Enroll in our FREE 21 Days of Bitcoin email course to stack some sats while you learn the basics! ğŸ™Œ  ğŸ† Win at least 2,100 sats ğŸ“… 21 days of daily educational emails ğŸ§  Bitcoin basics to get you up to speed  Enroll FREE â¡ï¸  https://t.co/rQ2j5myHF4  https://t.co/wOwQHfc0sM",https://twitter.com/BitcoinMagazine/status/1537439548606558208,2022-06-16 14:18:47 UTC
Bitcoin Magazine,bitcoinmagazine,"JUST IN â€“ FTX CEO: #Bitcoin can ""absolutely"" be used for payments",https://twitter.com/BitcoinMagazine/status/1537436746840805378,2022-06-16 14:07:39 UTC
Bitcoin Magazine,bitcoinmagazine,Vueling is partnering with cryptocurrency payment provider BitPay and global payment solutions provider UATP to accept #Bitcoin payments by early 2023.  @Fall_Of_Fiat covers the news:   https://t.co/vhYyOi0CaH,https://twitter.com/BitcoinMagazine/status/1537422908804538370,2022-06-16 13:12:40 UTC
Bitcoin Magazine,bitcoinmagazine,JUST IN: Spanish airline Vueling will accept #Bitcoin ğŸ‡ªğŸ‡¸,https://twitter.com/BitcoinMagazine/status/1537408848050405377,2022-06-16 12:16:47 UTC
Bitcoin Magazine,bitcoinmagazine,"""Nobody has ever lost money investing in #Bitcoin for 4 years."" â€“ MicroStrategy CEO ğŸ™Œ  https://t.co/wKB6emjKlj",https://twitter.com/BitcoinMagazine/status/1537397414809706498,2022-06-16 11:31:21 UTC
Bitcoin Magazine,bitcoinmagazine,#Bitcoin rewards patience.  HODL âœŠ  https://t.co/APz45d3jpv,https://twitter.com/BitcoinMagazine/status/1537384435544248321,2022-06-16 10:39:47 UTC
Bitcoin Magazine,bitcoinmagazine,Legend âœ¨  https://t.co/pfWuB0tFKx,https://twitter.com/BitcoinMagazine/status/1537199772205039617,2022-06-15 22:26:00 UTC
Bitcoin Magazine,bitcoinmagazine,The Censorship Resistant Issue is coming soon. Get your subscription now.   https://t.co/Th8ehyBMdn  https://t.co/BWVlhHY2bm,https://twitter.com/BitcoinMagazine/status/1537189571611439104,2022-06-15 21:45:28 UTC
Bitcoin Magazine,bitcoinmagazine,The 75 basis point raise came in line with market expectations that foresaw a more hawkish FOMC in action as latest inflation figures came above expectations.  @namcios reports:   https://t.co/0CGGGrwPtZ,https://twitter.com/BitcoinMagazine/status/1537178206352338945,2022-06-15 21:00:18 UTC
Bitcoin Magazine,bitcoinmagazine,"JUST IN - Fort Worth, Texas has upgraded their #Bitcoin miners for more efficient ones ğŸ‘",https://twitter.com/BitcoinMagazine/status/1537167535644323840,2022-06-15 20:17:54 UTC
Bitcoin Magazine,bitcoinmagazine,@saylor Bitcoin Magazine PRO's @DylanLeClair_ &amp; special guests cover the recent #FOMC meeting and the Fed's 0.75% rate hike.  Find out what this means for #bitcoin amidst a challenging macroeconomic environment:   https://t.co/aiMbWCQfFu,https://twitter.com/BitcoinMagazine/status/1537161605594566656,2022-06-15 19:54:20 UTC
Bitcoin Magazine,bitcoinmagazine,JUST IN - Fed Chair Jerome Powell: We're not trying to induce a recession,https://twitter.com/BitcoinMagazine/status/1537149096087126016,2022-06-15 19:04:38 UTC
Bitcoin Magazine,bitcoinmagazine,JUST IN â€“ Fed's statement no longer says they expect inflation to return to its 2% target,https://twitter.com/BitcoinMagazine/status/1537138103718232064,2022-06-15 18:20:57 UTC
