BSCDaily,bsc_daily,@Chainplaygg @knightwarp2e @_UNIVERSEISLAND @SpaceCryptoGame @gamiworld @TheMonkeyLeague @fearnfts @AgeOfGodsnet Recently Added #GameFi @dogebonk_token @BfkWarzone @DarkshieldG @Delta_Flare @MetaDevolution @Equilibrium_G @GZLROfficial  #BNB #BSC #P2E #METAVERSE,https://twitter.com/bsc_daily/status/1535610437672345601,2022-06-11 13:10:33 UTC
BSCDaily,bsc_daily,@Chainplaygg #TOP GAINERSÂ   ğŸ¥‡Â $KWS @knightwarp2eÂ  ğŸ¥ˆ $UIM @_UNIVERSEISLANDÂ  ğŸ¥‰ $SPG @SpaceCryptoGameÂ  $GAMI @gamiworldÂ  $MBS @TheMonkeyLeague $FEAR @fearnftsÂ  $AOG @AgeOfGodsnetÂ   #BNB #BSC #P2E #METAVERSE,https://twitter.com/bsc_daily/status/1535610436682391553,2022-06-11 13:10:33 UTC
BSCDaily,bsc_daily,"ğŸ”¥ Play-To-Earn Dashboard on @Chainplaygg ğŸ˜  The More #GameFi Dapps Added, The More Gainers in #BNBCHAIN ğŸ‰Â   #ChainPlay lists many outstanding #P2E Games with free-to-play mode but still Earn for usğŸš€  Check it outğŸ‘‡  #BNB #BSC #METAVERSE #WEB3  https://t.co/HJ4q7ZZk6J",https://twitter.com/bsc_daily/status/1535610433427603456,2022-06-11 13:10:32 UTC
BSCDaily,bsc_daily,TOP GAINER IN #BNBCHAIN ECOSYSTEM LAST 24 HOURSğŸš€  ğŸ¥‡ $CUMMIES @CumRocketCrypto  ğŸ¥ˆ $HAM @_hamster_coin  ğŸ¥‰ $MARVIN @Marvin_Inu  $LEON @swapleonicorn  $DEGO @dego_finance  $BIFI @beefyfinance  $POTS @moonpotdotcom  $REALM @enter_realm  $FIS @Stafi_Protocol  $DEP @PlayMining_SG ğŸ”¥  https://t.co/FaLdV026eu,https://twitter.com/bsc_daily/status/1535600233782169603,2022-06-11 12:30:00 UTC
BSCDaily,bsc_daily,@SecondLiveReal @NFTradeOfficial More Details  https://t.co/xnHVBBcf7f,https://twitter.com/bsc_daily/status/1535589281057619968,2022-06-11 11:46:29 UTC
BSCDaily,bsc_daily,"ğŸ‰ @SecondLiveReal Partnership with @NFTradeOfficial ğŸš€  #SecondLive - one of the largest #Metaverse and play-and-earn applications in the #crypto spaceğŸš€  #NFTrade - The first decentralized cross-chain NFT platform, allowing users to unlock the full value of the #NFT EcosystemğŸ”¥  https://t.co/zZ3rAE0yiY",https://twitter.com/bsc_daily/status/1535589276016119808,2022-06-11 11:46:27 UTC
BSCDaily,bsc_daily,"""When people say they don't like something, but they can't stop talking about it, you know it's good"" - @cz_binance ğŸ’ª  It's about #Crypto &amp; #BlockchainğŸš€  #BNB #BSC #WEB3 #METAVERSE",https://twitter.com/bsc_daily/status/1535577080276058112,2022-06-11 10:58:00 UTC
BSCDaily,bsc_daily,"â‰ï¸ CAUTION â‰ï¸  ğŸ“ Currently, there are many answer submission without email address, therefore we can not detect the attendants.  ğŸ“¢ Therefore, please re-join again and fill your email address so we can validate winners among all the attendants.",https://twitter.com/bsc_daily/status/1535565997092274181,2022-06-11 10:13:57 UTC
BSCDaily,bsc_daily,"â˜€ï¸Are you ready for this summer with @Flamingo_NFTs and @Draven_Tong?  ğŸš€#Mint time is coming  â°(UTC+8) 15:00, 14 June â°(UTC-4) 03:00, 21 June ğŸ’°Mint prize0.3 $ETH ğŸ†Winers: 9000 ğŸŒ https://t.co/20O9VMp6vL  Join the teamğŸ‘‡to grab your chance  https://t.co/ThAvlFZ3Nf  #NFA #DYOR  https://t.co/QxUycTGxUh",https://twitter.com/bsc_daily/status/1535411495801978885,2022-06-11 00:00:01 UTC
BSCDaily,bsc_daily,â­ï¸@Baby_Man_City-a community fan token that combines #NFT staking system of #ManchesterCity players is thrilled to inform their #presale  â°12-June ğŸ›¡ï¸KYCed &amp; Audited by @Contract_Check ğŸª™Token Symbol: $BCITY ğŸ’°Hard cap:400 $BNB ğŸŒPresale linkğŸ‘‡  https://t.co/837bl9TXL7  #DYOR #NFA  https://t.co/qFUHNUoofM,https://twitter.com/bsc_daily/status/1535351589589815296,2022-06-10 20:01:59 UTC
BSCDaily,bsc_daily,MOST TRADED HIGHLIGHT PROJECTS IN #BNBCHAIN LAST 24 HOURSğŸš€  ğŸ¥‡ $CAKE @pancakeswap  ğŸ¥ˆ $GAL @ProjectGalaxyHQ  ğŸ¥‰ $C98 @coin98_wallet  $WOO @WOOnetwork  $DAR @MinesOfDalarnia  $DOME @Everdome_io  $RACA @RadioCacaNFT  $BSW @Biswap_Dex  $BNX @binary_x  $FLOKI @realflokiinu ğŸ”¥  #BNB  https://t.co/T8uq0Qil1W,https://twitter.com/bsc_daily/status/1535327184671367174,2022-06-10 18:25:00 UTC
BSCDaily,bsc_daily,ğŸ”¥ BSC Daily x @Puli_Token ğŸ”¥    ğŸ“¢ Learn To Earn: Play To Earn Edition with PULI Runner   ğŸ’° Prize pool: $1000 of $PULI in total    ğŸ¥‡ Champion:$300    ğŸ¥ˆ Top 2: $200    ğŸ¥‰ Top 3: $150    ğŸ‘‰ Top 4-10: $50  ğŸ—“ Date &amp; Time: 7 days  ğŸ‘‡ JOIN NOW ğŸ‘‡  https://t.co/crGk1NwyyL  https://t.co/yZw8LjgyUP,https://twitter.com/bsc_daily/status/1535305795360940035,2022-06-10 17:00:00 UTC
BSCDaily,bsc_daily,The winners of @metagalaxyland  ğŸ“…Deadline to submit your address: 24 hours  I. Youtube Live questions ($40 each): 1ï¸âƒ£Khang1990  2ï¸âƒ£Hieu1909  3ï¸âƒ£Rakshhit 4ï¸âƒ£Minh1199  II. Telegram Community Helpers ($20 each): 1ï¸âƒ£itzabhi69  ğŸWe save: $20  ğŸ‘‰Join our Telegram to submit the address!,https://twitter.com/bsc_daily/status/1535305068266024960,2022-06-10 16:57:07 UTC
BSCDaily,bsc_daily,"""Optimizing time is very important, and often neglected by many."" @cz_binance ğŸ’ª  Good Schedules Build up Great PeopleğŸ˜  Follow #CZ &amp; We could learn about Optimizing time at leastğŸš€  #CZ #BINANCE #BNB #BSC ğŸ’ª",https://twitter.com/bsc_daily/status/1535304534729273344,2022-06-10 16:55:00 UTC
BSCDaily,bsc_daily,@COTInetwork @BinanceCustody More Details Binance Custody believes that virtual asset investors should have peace of mind when investing in the digital asset space.   https://t.co/4n4sEu0MMz,https://twitter.com/bsc_daily/status/1535291950328336384,2022-06-10 16:04:59 UTC
BSCDaily,bsc_daily,ğŸ‰ @COTInetwork Has Chosen @BinanceCustody as Its Custody PartnerğŸ˜  #COTIâ€™s assets will be secured with the highest possible standards using Binance Custodyâ€™s institutional-grade custody solutionsğŸ”¥  Register &amp; Trade on #Biannce now ğŸ‘‡  https://t.co/SnH70xeCFs  #BNB #BSC #WEB3 ğŸ’ª  https://t.co/EsjbTcsibg,https://twitter.com/bsc_daily/status/1535291947065266182,2022-06-10 16:04:59 UTC
BSCDaily,bsc_daily,ğŸ‰@unboundfinance $UNB Staking Program on @kucoincom will turn up on 14th JuneğŸ¥³  Let's get prepared!!ğŸ’ª  #Staking #unboundfinance $UNB,https://twitter.com/bsc_daily/status/1535289363680342016,2022-06-10 15:54:43 UTC
BSCDaily,bsc_daily,@WOOnetwork @binance Transaction below ğŸ‘‡  https://t.co/zC7LbdAPvW,https://twitter.com/bsc_daily/status/1535284835048120320,2022-06-10 15:36:43 UTC
BSCDaily,bsc_daily,"@WOOnetwork @binance More Details #WOO Network connects traders, exchanges, institutions, and DeFi platforms with democratized access to the best-in-class liquidity and trading execution at zero or low cost.   https://t.co/tndLgri4KY",https://twitter.com/bsc_daily/status/1535284833869504514,2022-06-10 15:36:43 UTC
BSCDaily,bsc_daily,ğŸš€ @WOOnetwork Has Burned 7.5M $WOO in MayğŸ”¥  #WOO - Bringing best-in-class liquidity throughout DeFi and CeFi. Bring on the zero-fee revolutionğŸ‰  ğŸ”¥ $WOO is available on @binanceÂ  Register &amp; Trade now ğŸ‘‡  https://t.co/SnH70xeCFs  #BNB #BINANCE #BSC #WEB3 ğŸ§¬  https://t.co/C4zPkpPSxT,https://twitter.com/bsc_daily/status/1535284830199480320,2022-06-10 15:36:42 UTC
BSCDaily,bsc_daily,@Chainplaygg @knightwarp2e @_UNIVERSEISLAND @SpaceCryptoGame @gamiworld @TheMonkeyLeague @fearnfts @AgeOfGodsnet Recently Added #GameFi @dogebonk_token @BfkWarzone @DarkshieldG @Delta_Flare @MetaDevolution @Equilibrium_G @GZLROfficial  #BNB #BSC #P2E #METAVERSE,https://twitter.com/bsc_daily/status/1535610437672345601,2022-06-11 13:10:33 UTC
BSCDaily,bsc_daily,@Chainplaygg #TOP GAINERSÂ   ğŸ¥‡Â $KWS @knightwarp2eÂ  ğŸ¥ˆ $UIM @_UNIVERSEISLANDÂ  ğŸ¥‰ $SPG @SpaceCryptoGameÂ  $GAMI @gamiworldÂ  $MBS @TheMonkeyLeague $FEAR @fearnftsÂ  $AOG @AgeOfGodsnetÂ   #BNB #BSC #P2E #METAVERSE,https://twitter.com/bsc_daily/status/1535610436682391553,2022-06-11 13:10:33 UTC
BSCDaily,bsc_daily,"ğŸ”¥ Play-To-Earn Dashboard on @Chainplaygg ğŸ˜  The More #GameFi Dapps Added, The More Gainers in #BNBCHAIN ğŸ‰Â   #ChainPlay lists many outstanding #P2E Games with free-to-play mode but still Earn for usğŸš€  Check it outğŸ‘‡  #BNB #BSC #METAVERSE #WEB3  https://t.co/HJ4q7ZZk6J",https://twitter.com/bsc_daily/status/1535610433427603456,2022-06-11 13:10:32 UTC
BSCDaily,bsc_daily,TOP GAINER IN #BNBCHAIN ECOSYSTEM LAST 24 HOURSğŸš€  ğŸ¥‡ $CUMMIES @CumRocketCrypto  ğŸ¥ˆ $HAM @_hamster_coin  ğŸ¥‰ $MARVIN @Marvin_Inu  $LEON @swapleonicorn  $DEGO @dego_finance  $BIFI @beefyfinance  $POTS @moonpotdotcom  $REALM @enter_realm  $FIS @Stafi_Protocol  $DEP @PlayMining_SG ğŸ”¥  https://t.co/FaLdV026eu,https://twitter.com/bsc_daily/status/1535600233782169603,2022-06-11 12:30:00 UTC
BSCDaily,bsc_daily,@SecondLiveReal @NFTradeOfficial More Details  https://t.co/xnHVBBcf7f,https://twitter.com/bsc_daily/status/1535589281057619968,2022-06-11 11:46:29 UTC
BSCDaily,bsc_daily,"ğŸ‰ @SecondLiveReal Partnership with @NFTradeOfficial ğŸš€  #SecondLive - one of the largest #Metaverse and play-and-earn applications in the #crypto spaceğŸš€  #NFTrade - The first decentralized cross-chain NFT platform, allowing users to unlock the full value of the #NFT EcosystemğŸ”¥  https://t.co/zZ3rAE0yiY",https://twitter.com/bsc_daily/status/1535589276016119808,2022-06-11 11:46:27 UTC
BSCDaily,bsc_daily,"""When people say they don't like something, but they can't stop talking about it, you know it's good"" - @cz_binance ğŸ’ª  It's about #Crypto &amp; #BlockchainğŸš€  #BNB #BSC #WEB3 #METAVERSE",https://twitter.com/bsc_daily/status/1535577080276058112,2022-06-11 10:58:00 UTC
BSCDaily,bsc_daily,"â‰ï¸ CAUTION â‰ï¸  ğŸ“ Currently, there are many answer submission without email address, therefore we can not detect the attendants.  ğŸ“¢ Therefore, please re-join again and fill your email address so we can validate winners among all the attendants.",https://twitter.com/bsc_daily/status/1535565997092274181,2022-06-11 10:13:57 UTC
BSCDaily,bsc_daily,"â˜€ï¸Are you ready for this summer with @Flamingo_NFTs and @Draven_Tong?  ğŸš€#Mint time is coming  â°(UTC+8) 15:00, 14 June â°(UTC-4) 03:00, 21 June ğŸ’°Mint prize0.3 $ETH ğŸ†Winers: 9000 ğŸŒ https://t.co/20O9VMp6vL  Join the teamğŸ‘‡to grab your chance  https://t.co/ThAvlFZ3Nf  #NFA #DYOR  https://t.co/QxUycTGxUh",https://twitter.com/bsc_daily/status/1535411495801978885,2022-06-11 00:00:01 UTC
BSCDaily,bsc_daily,â­ï¸@Baby_Man_City-a community fan token that combines #NFT staking system of #ManchesterCity players is thrilled to inform their #presale  â°12-June ğŸ›¡ï¸KYCed &amp; Audited by @Contract_Check ğŸª™Token Symbol: $BCITY ğŸ’°Hard cap:400 $BNB ğŸŒPresale linkğŸ‘‡  https://t.co/837bl9TXL7  #DYOR #NFA  https://t.co/qFUHNUoofM,https://twitter.com/bsc_daily/status/1535351589589815296,2022-06-10 20:01:59 UTC
BSCDaily,bsc_daily,MOST TRADED HIGHLIGHT PROJECTS IN #BNBCHAIN LAST 24 HOURSğŸš€  ğŸ¥‡ $CAKE @pancakeswap  ğŸ¥ˆ $GAL @ProjectGalaxyHQ  ğŸ¥‰ $C98 @coin98_wallet  $WOO @WOOnetwork  $DAR @MinesOfDalarnia  $DOME @Everdome_io  $RACA @RadioCacaNFT  $BSW @Biswap_Dex  $BNX @binary_x  $FLOKI @realflokiinu ğŸ”¥  #BNB  https://t.co/T8uq0Qil1W,https://twitter.com/bsc_daily/status/1535327184671367174,2022-06-10 18:25:00 UTC
BSCDaily,bsc_daily,ğŸ”¥ BSC Daily x @Puli_Token ğŸ”¥    ğŸ“¢ Learn To Earn: Play To Earn Edition with PULI Runner   ğŸ’° Prize pool: $1000 of $PULI in total    ğŸ¥‡ Champion:$300    ğŸ¥ˆ Top 2: $200    ğŸ¥‰ Top 3: $150    ğŸ‘‰ Top 4-10: $50  ğŸ—“ Date &amp; Time: 7 days  ğŸ‘‡ JOIN NOW ğŸ‘‡  https://t.co/crGk1NwyyL  https://t.co/yZw8LjgyUP,https://twitter.com/bsc_daily/status/1535305795360940035,2022-06-10 17:00:00 UTC
BSCDaily,bsc_daily,The winners of @metagalaxyland  ğŸ“…Deadline to submit your address: 24 hours  I. Youtube Live questions ($40 each): 1ï¸âƒ£Khang1990  2ï¸âƒ£Hieu1909  3ï¸âƒ£Rakshhit 4ï¸âƒ£Minh1199  II. Telegram Community Helpers ($20 each): 1ï¸âƒ£itzabhi69  ğŸWe save: $20  ğŸ‘‰Join our Telegram to submit the address!,https://twitter.com/bsc_daily/status/1535305068266024960,2022-06-10 16:57:07 UTC
BSCDaily,bsc_daily,"""Optimizing time is very important, and often neglected by many."" @cz_binance ğŸ’ª  Good Schedules Build up Great PeopleğŸ˜  Follow #CZ &amp; We could learn about Optimizing time at leastğŸš€  #CZ #BINANCE #BNB #BSC ğŸ’ª",https://twitter.com/bsc_daily/status/1535304534729273344,2022-06-10 16:55:00 UTC
BSCDaily,bsc_daily,@COTInetwork @BinanceCustody More Details Binance Custody believes that virtual asset investors should have peace of mind when investing in the digital asset space.   https://t.co/4n4sEu0MMz,https://twitter.com/bsc_daily/status/1535291950328336384,2022-06-10 16:04:59 UTC
BSCDaily,bsc_daily,ğŸ‰ @COTInetwork Has Chosen @BinanceCustody as Its Custody PartnerğŸ˜  #COTIâ€™s assets will be secured with the highest possible standards using Binance Custodyâ€™s institutional-grade custody solutionsğŸ”¥  Register &amp; Trade on #Biannce now ğŸ‘‡  https://t.co/SnH70xeCFs  #BNB #BSC #WEB3 ğŸ’ª  https://t.co/EsjbTcsibg,https://twitter.com/bsc_daily/status/1535291947065266182,2022-06-10 16:04:59 UTC
BSCDaily,bsc_daily,ğŸ‰@unboundfinance $UNB Staking Program on @kucoincom will turn up on 14th JuneğŸ¥³  Let's get prepared!!ğŸ’ª  #Staking #unboundfinance $UNB,https://twitter.com/bsc_daily/status/1535289363680342016,2022-06-10 15:54:43 UTC
BSCDaily,bsc_daily,@WOOnetwork @binance Transaction below ğŸ‘‡  https://t.co/zC7LbdAPvW,https://twitter.com/bsc_daily/status/1535284835048120320,2022-06-10 15:36:43 UTC
BSCDaily,bsc_daily,"@WOOnetwork @binance More Details #WOO Network connects traders, exchanges, institutions, and DeFi platforms with democratized access to the best-in-class liquidity and trading execution at zero or low cost.   https://t.co/tndLgri4KY",https://twitter.com/bsc_daily/status/1535284833869504514,2022-06-10 15:36:43 UTC
BSCDaily,bsc_daily,ğŸš€ @WOOnetwork Has Burned 7.5M $WOO in MayğŸ”¥  #WOO - Bringing best-in-class liquidity throughout DeFi and CeFi. Bring on the zero-fee revolutionğŸ‰  ğŸ”¥ $WOO is available on @binanceÂ  Register &amp; Trade now ğŸ‘‡  https://t.co/SnH70xeCFs  #BNB #BINANCE #BSC #WEB3 ğŸ§¬  https://t.co/C4zPkpPSxT,https://twitter.com/bsc_daily/status/1535284830199480320,2022-06-10 15:36:42 UTC
BSCDaily,bsc_daily,TOP #BNBCHAIN PROJECTS MENTIONED THE MOST ON #TWITTERğŸš€  ğŸ¥‡ $QUACK @RichQuack  ğŸ¥ˆ $CAKE @PancakeSwap  ğŸ¥‰ $BABYDOGE @BabyDogeCoin  $SFM @safemoon  $KIBA @KibaInuWorld  $MARVIN @Marvin_Inu  $RISE @EverRise  $FLOKI @RealFlokiInu  $YOOSHI @yooshi_official  $LEOS @swapleonicorn   #BNB  https://t.co/bzBhXNqiB8,https://twitter.com/bsc_daily/status/1537078724931096576,2022-06-15 14:25:00 UTC
BSCDaily,bsc_daily,"@RadioCacaNFT @BitwellGlobal More Details BEP20-RACA deposit and withdrawal function is now open. BitWell will listÂ RACA/USDT trading pair. At the same time, RACA Trade Competitions will open, and all users with a total trading volumeÂ    https://t.co/e9IltwLdz6",https://twitter.com/bsc_daily/status/1537074282991321090,2022-06-15 14:07:21 UTC
BSCDaily,bsc_daily,"ğŸ‰ @RadioCacaNFT $RACA will Be Listed on @BitwellGlobal soonğŸ˜  #RACA - Home of the United States of Mars #3D #Metaverse,Popular blockchain game #Metamon World, #NFT Marketplaces, and moreğŸ”¥  #BitWell - The world's leading growth asset trading platformğŸš€  #BNB #BSC #WEB3 #WERACA  https://t.co/y0N61jOZlK",https://twitter.com/bsc_daily/status/1537074280315461632,2022-06-15 14:07:20 UTC
BSCDaily,bsc_daily,"@CelerNetwork @aurigami_PLY @auroraisnear @binance More Details #CELERNETWORK - a blockchain interoperability protocol enabling a one-click user experience accessing tokens, DeFi, GameFi, NFTs, governance, and more across multiple chains.  #AURIGAMI  - Lend, borrow, and earn with ease on Aurora.    https://t.co/ABci226p6l",https://twitter.com/bsc_daily/status/1537074070017265668,2022-06-15 14:06:30 UTC
BSCDaily,bsc_daily,"ğŸ‰ @CelerNetwork #cBridge is Now Available on @aurigami_PLY ğŸ˜  This makes bridging toÂ  @auroraisnear easier than ever, unlocking yield and liquidity for the #NEAR &amp; #Aurora ecosystem ğŸš€  ğŸ”¥ $CELR is available on @binanceÂ  Register &amp; Trade now ğŸ‘‡  https://t.co/SnH70xeCFs  #BNB ğŸ”¥  https://t.co/1gCsAl98JW",https://twitter.com/bsc_daily/status/1537074067391528960,2022-06-15 14:06:29 UTC
BSCDaily,bsc_daily,@BNBCHAIN @binance ğŸ‰ Recent Project Spotlights in @BNBCHAIN ğŸš€  $GAL @ProjectGalaxyHQÂ  $DAR @MinesOfDalarniaÂ  $ERA7 @Era7_officialÂ  $CO @CoritecomÂ  @SecondLiveRealÂ  @MetaApesGameÂ  @OpenLeverageÂ   #BNB #BSC #BINANCE #METAFI #WEB3 #METAVERSE,https://twitter.com/bsc_daily/status/1537064562410782720,2022-06-15 13:28:43 UTC
BSCDaily,bsc_daily,ğŸ‰ Recent Project Spotlights in @BNBCHAIN ğŸš€  They are #GAMEFI #METAVERSE #NFT #WEB3 &amp; #DEFI ğŸ”¥  What are the next lego? Which ones are you bullish the most? ğŸ˜  ğŸ”¥ $DAR &amp; $GAL are available on @binanceÂ  Register &amp; Trade now ğŸ‘‡  https://t.co/SnH70xeCFs  #BNB #BSC #BINANCE #METAFI  https://t.co/CS56RtePY9,https://twitter.com/bsc_daily/status/1537064559768395776,2022-06-15 13:28:42 UTC
BSCDaily,bsc_daily,"""If you can't hold, you won't be rich."" @cz_binance âœŠ  That's true in all markets such as gold, stock, and real estate,...  #BNB #CZ #BINANCE #WEB3 #METAVERSE ğŸ§¬  https://t.co/gKDp8YydTC",https://twitter.com/bsc_daily/status/1537053559224578048,2022-06-15 12:45:00 UTC
BSCDaily,bsc_daily,TOP GAINERS IN #BNBCHAIN ECOSYSTEM LAST 24 HOURSğŸš€  ğŸ¥‡ $MARVIN @Marvin_Inu  ğŸ¥ˆ $VINU @VitaInuCoin  ğŸ¥‰ $NORD @Nord_Finance  $KNC @kybernetwork  $AUTO @autofarmnetwork  $KIBA @KibaInuWorld  $NFTY @nftylab  $FIS @Stafi_Protocol  $XVS @VenusProtocol  $FLOKI @realflokiinu ğŸ”¥ #BNB #BSC  https://t.co/5gILEVe6Mu,https://twitter.com/bsc_daily/status/1537049784988540929,2022-06-15 12:30:00 UTC
BSCDaily,bsc_daily,"@POODLETOKEN @CrolonMars More Details #POODL - a BEP-20 deflationary, self-LP generating token that is powered by the work and idea of its community.  Together with 3D NFTs and Augmented Reality APP, they are taking the whole NFT world one step further. Calling it: NFT 2.0   https://t.co/UJVtl2gV1t",https://twitter.com/bsc_daily/status/1537042769457577985,2022-06-15 12:02:07 UTC
BSCDaily,bsc_daily,ğŸ‰ @POODLETOKEN Partnership with @CrolonMars ğŸ‰  $POOD Team will be the FIRST tribe on Crolon Mars. Below are some of their #NFTs already thereğŸ˜  Crolon Mars is an ambitious new crypto project launching on CRO! We will land on Mars before recreating it in the METAVERSEğŸ”¥  #BNB  https://t.co/5ki1SCFOFR,https://twitter.com/bsc_daily/status/1537042765024055297,2022-06-15 12:02:06 UTC
BSCDaily,bsc_daily,We're excited to announce that we'll be hosting an AMA with @SnapN_Official  â“AMA type: Telegram Call  ğŸ—“ï¸Date: June 17th at 2PM UTC  ğŸ“Venue:  https://t.co/MolFvaNBIk  ğŸ’°Prize Pool: $200  ğŸ‘‰The top questions will be selected in the AMA. Prepare your questions everyone!  https://t.co/GwoeeKcGf6,https://twitter.com/bsc_daily/status/1537042237552349184,2022-06-15 12:00:00 UTC
BSCDaily,bsc_daily,@Nodereal_io @itamcube More Details  https://t.co/Sh44p672SK,https://twitter.com/bsc_daily/status/1537033819995381760,2022-06-15 11:26:34 UTC
BSCDaily,bsc_daily,@Nodereal_io @itamcube 2/ How NodeReal is helping? NodeReal has been in close contact with the CUBE team &amp; knowing that they have a need for scalable blockchain infrastructure and services.  NodeReal Team has the capacity to bring the vision to life in the most executable and stable way possible.  https://t.co/n2lCGhbLRI,https://twitter.com/bsc_daily/status/1537033818506506241,2022-06-15 11:26:33 UTC
BSCDaily,bsc_daily,"@Nodereal_io @itamcube 1/ What is #ItamCube?Â  CUBEÂ is an all-in-one entertainment platform powered by blockchain on the #Metaverse.  CUBE provides optimized service for both gamers and game developers, content creators, and content consumers alike, aiming to create a single platform  https://t.co/NbRuCPprI5",https://twitter.com/bsc_daily/status/1537033813720702977,2022-06-15 11:26:32 UTC
BSCDaily,bsc_daily,ğŸ‰ @Nodereal_io Partnership with @itamcube to Bring Revolutionary Entertainment to #BASğŸ˜  #NodeReal - a one-stop blockchain infrastructure and services provider that embraces the high-speed blockchain erağŸ”¥  What is #ItamCube?Â  How NodeReal is helping?  Explore MoreğŸ‘‡  #BNB #BSC  https://t.co/oy4tp8OLrv,https://twitter.com/bsc_daily/status/1537033805743239170,2022-06-15 11:26:30 UTC
BSCDaily,bsc_daily,"""Itâ€™s a bloodbath out there. Hunker down. Make sure you can last."" - @cz_binance ğŸ’ª",https://twitter.com/bsc_daily/status/1537019585848872960,2022-06-15 10:30:00 UTC
BSCDaily,bsc_daily,"ğŸ“¢@GMRCenter Retweet Challenge !!ğŸ’ª  20 post Mega Thread of Battle Leet will be released if GMR tweet below reaches 500 RTs ğŸ”¥  No more waiting, the Battle Leet is about to be manifest!!  Let's beat the retweet upğŸ”„  #BattleLeet #GMRCenter #Play2Earn #Play2Create #BNBChain",https://twitter.com/bsc_daily/status/1536990278552526849,2022-06-15 08:33:32 UTC
BSCDaily,bsc_daily,MOST TRADED DEFI PROJECTS IN BNB CHAIN LAST 24 HOURSğŸš€  ğŸ¥‡ $CAKE @pancakeswap  ğŸ¥ˆ $BSW @Biswap_Dex  ğŸ¥‰ $SXP @SolarNetwork  $WOO @WOOnetwork  $DODO @BreederDodo  $C98 @coin98_wallet  $ALPACA @AlpacaFinance  $TWT @trustwallet  $XVS @VenusProtocol  $FIS @Stafi_Protocol ğŸ”¥ #BNB #BSC  https://t.co/fRYK1YJjEc,https://twitter.com/bsc_daily/status/1536775728439496704,2022-06-14 18:21:00 UTC
BSCDaily,bsc_daily,@BNBCHAIN @MinesOfDalarnia 7/ #DAR Backers &amp; Listing Status ğŸ”¥ $DAR is available on @binanceÂ  Register &amp; Trade now ğŸ‘‡  https://t.co/SnH70xeCFs  https://t.co/E5VV8wsLx5,https://twitter.com/bsc_daily/status/1536749578032226304,2022-06-14 16:37:05 UTC
BSCDaily,bsc_daily,MOST TRADED PROJECT THAT HAVEN'T BEEN LISTED ON #BINANCEğŸš€  ğŸ¥‡ $RACA @RadioCacaNFT  ğŸ¥ˆ $DOME @Everdome_io  ğŸ¥‰ $CEEK @ceek  $BABYDOGE @babydogecoin  $FLOKI @realflokiinu  $MELOS @melos_studio  $BABY @babyswap_bsc  $GF @GuildFiGlobal  $ARV @ArivaCoin  $YOOSHI @yooshi_official  #BNB  https://t.co/e1D93r7OqP,https://twitter.com/bsc_daily/status/1537501510841430017,2022-06-16 18:25:00 UTC
BSCDaily,bsc_daily,@binance @splytech Do not have #Binance Account? Register &amp; Trade now ğŸ‘‡  https://t.co/SnH70xeCFs  #BNB #BSC #BINANCE #BNBCHAIN,https://twitter.com/bsc_daily/status/1537472923644084229,2022-06-16 16:31:24 UTC
BSCDaily,bsc_daily,"@binance @splytech More Details #Splyt - The leading B2B global lifestyle services network. We integrate ridehailing, transfer, scooter, bikesharing and food delivery suppliers into superapps.  #BNB #BSC #BINANCE #BNBCHAIN    https://t.co/TKUAfpUOFA",https://twitter.com/bsc_daily/status/1537472922528399364,2022-06-16 16:31:24 UTC
BSCDaily,bsc_daily,"ğŸ”¥ @binance #PAY Partnership with @splytech ğŸ‰  ğŸ‘‰From this partnership, #Binance becomes the first-ever crypto exchange to offer ride-hailing services on its platformğŸ˜  Users can seamlessly access and complete transactions with crypto, without having to download multiple appsğŸ‰  https://t.co/hnWpXd7ZzU",https://twitter.com/bsc_daily/status/1537472919839944706,2022-06-16 16:31:23 UTC
BSCDaily,bsc_daily,What is Layer 1 blockchain?  Thanks to #Binance &amp; @BinanceAcademy ğŸ˜  Have a look to this informative articlesğŸ‘‡  Do not have @binance Account? Register &amp; Trade now ğŸ‘‡  https://t.co/SnH70xeCFs  #BNB #BSC #CZ #LAYER1 #METAFI ğŸ‰,https://twitter.com/bsc_daily/status/1537465022691086336,2022-06-16 16:00:00 UTC
BSCDaily,bsc_daily,@fightoftheages @HuobiGlobal @FotaDevBlog @Hobbit_Invest $ Let's check out the FOTA's Moonsheet!!!  https://t.co/XLa2kPWwaa,https://twitter.com/bsc_daily/status/1537461707404197889,2022-06-16 15:46:50 UTC
BSCDaily,bsc_daily,@fightoftheages @HuobiGlobal @FotaDevBlog @Hobbit_Invest More Details FOTA Official Website:Â  https://t.co/CG4MFrKMlW More activities with generous rewards are coming soon. Please stay tuned!   https://t.co/uutiDLWuhq,https://twitter.com/bsc_daily/status/1537461706212970497,2022-06-16 15:46:50 UTC
BSCDaily,bsc_daily,ğŸ”¥ @fightoftheages is Now Listed on @HuobiGlobal ğŸš€  $FOTA is a AAA #Metaverse Gaming project which is under the Hybrid of MOBA-RPGğŸ˜ ğŸ¤ Supported by @FotaDevBlog ğŸ‰ Incubated by @Hobbit_Invest  Explore MoreğŸ‘‡  #FOTA #BSC #BNB #BSC #GAMEFI #P2E #WEB3 ğŸ’ª  https://t.co/T1G0UNiEgG,https://twitter.com/bsc_daily/status/1537461701796413440,2022-06-16 15:46:49 UTC
BSCDaily,bsc_daily,"ğŸ“¢ @OxalusWallet &amp; @GunFireAVAX are carrying out an AIRDROP EVENT for the communityğŸ¥³  ğŸŒŸ3,000,000 $GUNX for the first 300,000 usersğŸŒŸ ğŸ”¥1000 $GUNX for each of the top 10 referrersğŸ”¥  Like, retweet and tag 3 friends Then finish all tasks HERE ğŸ‘‰ https://t.co/iq3Dsj4zQJ Get NowğŸ‘‡",https://twitter.com/bsc_daily/status/1537457347236605952,2022-06-16 15:29:30 UTC
BSCDaily,bsc_daily,"@Nodereal_io @coin98_wallet More Details NodeRealÂ - a one-stop blockchain infrastructure and services provider that embraces the high-speed blockchain era, providing scalable, reliable &amp; efficient solutions, aiming to support the adoption, growth &amp; long-term success of the #Web3   https://t.co/YsFGDsshwv",https://twitter.com/bsc_daily/status/1537454432597815298,2022-06-16 15:17:55 UTC
BSCDaily,bsc_daily,"ğŸ”¥ @Nodereal_io Partnership with @coin98_wallet to foster the infrastructure of financial services and boost the mass adoption of #DeFi in the long run ğŸ˜  #COIN98 - an all-in-one DeFi platform for users to swap, stake, borrow, lend, invest and earn with crypto at easeğŸ‰  #BNB ğŸ§¬  https://t.co/BTAPo42xF1",https://twitter.com/bsc_daily/status/1537454430047592450,2022-06-16 15:17:55 UTC
BSCDaily,bsc_daily,@BscPitbull @RiceDeFiWallet More Details ğŸ”¥ @RiceDeFiWallet now has integrated 3 DApps of @BscPitbull on #BNBChain: #PitSwap  #PitSafe  #PitFarm    https://t.co/wPiPtCZmk3,https://twitter.com/bsc_daily/status/1537451136990515202,2022-06-16 15:04:50 UTC
BSCDaily,bsc_daily,"ğŸ‰ @BscPitbull #Dapps are fully Supported on @RiceDeFiWallet ğŸš€  #Pitbull - a auto-staking token that had its ownership renounced and burnt LP givenğŸ”¥  #RICE - Rice Wallet is a non-custodial wallet that helps you store, invest and manage cryptocurrenciesğŸ˜  #BNB #BSC #WEB3 ğŸ’ª  https://t.co/U7CIg3Bqi6",https://twitter.com/bsc_daily/status/1537451134096392194,2022-06-16 15:04:49 UTC
BSCDaily,bsc_daily,@PancakeSwap @FEGtoken @PositionEx @Biswap_Dex @bakery_swap @RichQuack @AlpacaFinance @babyswap_bsc @TitanoFinance @ape_swap MOST HELD DEFI TOKENS IN #BNBCHAIN ğŸš€  $RISE @EverRiseÂ  $XVS @VenusProtocolÂ  $VLX @VelasBlockchainÂ  $O3 @O3_LabsÂ  $LEOS @swapleonicornÂ  $SFUND @SeedifyFundÂ  $ANKR @ankrÂ  $ATA @AutomataNetworkÂ  $OOE @OpenOceanGlobalÂ  $PEX @OfficialPearDAOÂ  $APX @ApolloX_comÂ  $BIFI @finance_beefy,https://twitter.com/bsc_daily/status/1537450605421113345,2022-06-16 15:02:43 UTC
BSCDaily,bsc_daily,MOST HELD DEFI TOKENS IN #BNBCHAIN ğŸš€  $CAKE @PancakeSwapÂ  $FEG @FEGtokenÂ  $POSI @PositionExÂ  $BSW @Biswap_DexÂ  $BAKE @bakery_swapÂ  $QUACK @RichQuackÂ  $ALPACA @AlpacaFinanceÂ  $BABY @babyswap_bscÂ  $TITANO @TitanoFinanceÂ  $BANANA @ape_swapÂ   #BNB #BSC #METAFI #WEB3,https://twitter.com/bsc_daily/status/1537450604208996352,2022-06-16 15:02:43 UTC
BSCDaily,bsc_daily,"ğŸ‰ MOST HELD #DEFI TOKENS IN #BNBCHAIN ECOSYSTEMğŸš€  The More Holders, The More Users who are DegensğŸ”¥  Check it out &amp; Join their Communities, you will get amazing tipsğŸ˜  #BNB #BSC #METAFI #WEB3 #BNBCHAIN #BINANCE ğŸš€  https://t.co/ZPmjQf4NVW",https://twitter.com/bsc_daily/status/1537450601579270144,2022-06-16 15:02:42 UTC
BSCDaily,bsc_daily,"@itamcube @gate_io More Details Gate Exchange is the worldâ€™s top 10 blockchain asset exchange established in 2013. Gate Exchange is operated by Gate Technology and provides cryptocurrency exchange, crypto wallet service, native token ($GT, GateToken), ...   https://t.co/6dO42E1BmO",https://twitter.com/bsc_daily/status/1537450226616778752,2022-06-16 15:01:13 UTC
BSCDaily,bsc_daily,ğŸ‰ @itamcube is Now Available on @gate_io ğŸš€  #ITAMCUBE - #CUBE brings entertainment powered by blockchain on the #Metaverse ğŸ”¥  #Gateio was created to empower a new generation of #crypto enthusiasts with the means to discussğŸ‰  #BNB #BSC #METAFI #WEB3  https://t.co/ZDisLQaEMu,https://twitter.com/bsc_daily/status/1537450223546642432,2022-06-16 15:01:12 UTC
BSCDaily,bsc_daily,ğŸ˜ @BabyDogeCoin is Now Available on @CoinTigerEX ğŸš€  #BABYDOGE -a deflationary token designed to become more scarce over timeğŸ”¥  All holders will earn more $BABYDOGE that is automatically sent to your wallet by simply holding Baby Doge in your walletğŸ˜  #BSC #BNB #METAVERSE ğŸ‰  https://t.co/wsLdkoS5qT,https://twitter.com/bsc_daily/status/1537450174284345346,2022-06-16 15:01:00 UTC
BSCDaily,bsc_daily,"@itamcube @gate_io More Details  Gate Exchange is the worldâ€™s top 10 blockchain asset exchange established in 2013. Gate Exchange is operated by Gate Technology and provides cryptocurrency exchange, crypto wallet service, native token ($GT, GateToken), ...   https://t.co/6dO42E29cm",https://twitter.com/bsc_daily/status/1537446464703860737,2022-06-16 14:46:16 UTC
