Bitcoin Magazine,bitcoinmagazine,NEW - ğŸ‡¨ğŸ‡® Ivory Coast President meets with the CEO of the world's biggest #bitcoin and crypto exchange ğŸ¤  https://t.co/CN593K0C0r,https://twitter.com/BitcoinMagazine/status/1545428241095221248,2022-07-08 15:23:00 UTC
Bitcoin Magazine,bitcoinmagazine,"@nayibbukele Planning your #Bitcoin strategy? âš¡ï¸  Join more than 13,000 Bitcoiners taking their accumulation game to the next level with Bitcoin Magazine PRO! ğŸ“ˆ  Expert insights and in-depth analysis to help you navigate the market with confidence.  Subscribe free:  https://t.co/aZZZgOyahZ  https://t.co/7Aw7qJ92JJ",https://twitter.com/BitcoinMagazine/status/1545414672265793536,2022-07-08 14:29:04 UTC
Bitcoin Magazine,bitcoinmagazine,#Bitcoin is on track for its biggest weekly gain since October ğŸš€,https://twitter.com/BitcoinMagazine/status/1545395501440319488,2022-07-08 13:12:54 UTC
Bitcoin Magazine,bitcoinmagazine,JUST IN: Lightning Network capacity hits new all-time high.  #Bitcoin is scaling ğŸš€,https://twitter.com/BitcoinMagazine/status/1545373572218195968,2022-07-08 11:45:45 UTC
Bitcoin Magazine,bitcoinmagazine,"JUST IN: #Bitcoin miner Marathon now holds 10,055 BTC worth more than $210,000,000  They're hodling all of the bitcoin they mine ğŸ™Œ  https://t.co/GuXAd4XJj9",https://twitter.com/BitcoinMagazine/status/1545358889046183937,2022-07-08 10:47:25 UTC
Bitcoin Magazine,bitcoinmagazine,"""#Bitcoin is inevitable."" - President of El Salvador  ğŸ‡¸ğŸ‡» ğŸ™Œ  https://t.co/JmRA4g9ErI",https://twitter.com/BitcoinMagazine/status/1545229703774175232,2022-07-08 02:14:05 UTC
Bitcoin Magazine,bitcoinmagazine,"@cz_binance @binance @Macky_Sall Bitcoin Magazine PRO: Exchange Outflow ATH And Celsius Collateral Update  June was the largest month of net withdrawals in Bitcoin history, reflecting widespread fears of counterparty risk.  Celsius sends $460 million collateral to FTX address.  Subscribe:  https://t.co/JanWhxQbkv",https://twitter.com/BitcoinMagazine/status/1545161156691603456,2022-07-07 21:41:42 UTC
Bitcoin Magazine,bitcoinmagazine,NEW: Grayscale CEO says approving their #Bitcoin ETF â€œwould unlock billionsâ€ of unrealized shareholder value  ğŸš€,https://twitter.com/BitcoinMagazine/status/1545154688986873856,2022-07-07 21:16:00 UTC
Bitcoin Magazine,bitcoinmagazine,Bloomberg senior analyst: #Bitcoin could soon kickstart the greatest bull market in history ğŸš€,https://twitter.com/BitcoinMagazine/status/1545115024062091264,2022-07-07 18:38:23 UTC
Bitcoin Magazine,bitcoinmagazine,"While Putin reaps a whirlwind, ordinary Russians look to #bitcoin to try to weather the storm.  â€œRussians understand the black market... everybody here understands how to get around rules that they donâ€™t like... so where do people look? To Bitcoin.â€   https://t.co/mP1KWXojT6",https://twitter.com/BitcoinMagazine/status/1545112707686227968,2022-07-07 18:29:10 UTC
Bitcoin Magazine,bitcoinmagazine,"Sign up for @BitcoinMagazine's FREE daily newsletter for the latest news, memes + more! âš¡ï¸  Today featured: ğŸ‡¿ğŸ‡¼ Zimbabwe vs. Inflation @alesander97 ğŸ§  Fiat Knowledge @jimmysong  ğŸ‡³ğŸ‡¬ Banned in Nigeria @rHarry0  Want tomorrow's issue? Subscribe: ğŸ“©ğŸ‘‰  https://t.co/XpRwZUa1it  https://t.co/y9DGr2SpQq",https://twitter.com/BitcoinMagazine/status/1545103391054893056,2022-07-07 17:52:09 UTC
Bitcoin Magazine,bitcoinmagazine,The retail trading firm announced on Twitter it now lets all users transfer bitcoin and cryptocurrencies in and out of its platform.  @namcios covers the news:   https://t.co/PRBhNkzqx4,https://twitter.com/BitcoinMagazine/status/1545086977980219392,2022-07-07 16:46:56 UTC
Bitcoin Magazine,bitcoinmagazine,NEW - ğŸ‡¸ğŸ‡³ President of Senegal meets with the CEO of the worlds biggest #bitcoin and crypto exchange ğŸ¤  https://t.co/v58ppfHJsH,https://twitter.com/BitcoinMagazine/status/1545085821216243712,2022-07-07 16:42:20 UTC
Bitcoin Magazine,bitcoinmagazine,JUST IN - Robinhood now allows ALL users to send and receive #bitcoin ğŸ™Œ,https://twitter.com/BitcoinMagazine/status/1545069646939922432,2022-07-07 15:38:04 UTC
Bitcoin Magazine,bitcoinmagazine,"Bitcoin Magazine PRO: ""Contagion"" Special Report  In depth coverage of the ""unsustainable arbitrage strategies, opaque systemic leverage"" and the search for ""risk free"" yield that brought us where we are today.  Read and download the full report free:  https://t.co/a3nGnogD44  https://t.co/YRYUqwRN1D",https://twitter.com/BitcoinMagazine/status/1545066610506862593,2022-07-07 15:26:00 UTC
Bitcoin Magazine,bitcoinmagazine,"@nayibbukele There will only ever be 21M #bitcoin. There will only ever be 5,000 Bitcoin Amsterdam tickets.  Get your hands on both while they're still cheap.  https://t.co/nxvhePOFn8  https://t.co/FFIh1tzmQh",https://twitter.com/BitcoinMagazine/status/1545052231442935808,2022-07-07 14:28:52 UTC
Bitcoin Magazine,bitcoinmagazine,JUST IN: 40% of investors see #Bitcoin as the best investment over the next 3 months â€“ Appinio survey ğŸ™Œ,https://twitter.com/BitcoinMagazine/status/1545040656946434053,2022-07-07 13:42:52 UTC
Bitcoin Magazine,bitcoinmagazine,JUST IN: #Bitcoin hardware wallet demand is up 700% in Russia â€“ local newspaper ğŸ‡·ğŸ‡º,https://twitter.com/BitcoinMagazine/status/1545024131460210690,2022-07-07 12:37:12 UTC
Bitcoin Magazine,bitcoinmagazine,JUST IN: Russia's largest stock exchange could create its own #bitcoin and crypto exchange â€“ Head of finance committee ğŸ‡·ğŸ‡º,https://twitter.com/BitcoinMagazine/status/1545002957065814016,2022-07-07 11:13:04 UTC
Bitcoin Magazine,bitcoinmagazine,â˜ ï¸  https://t.co/tc2a8WQTH0,https://twitter.com/BitcoinMagazine/status/1544824933666127879,2022-07-06 23:25:40 UTC
